"KeptID","UniqueKey","KeepPolicy","RemovedID"
"89","OFBRA-2774","OldestCreated","134"
"70","OFBRA-3492","OldestCreated","123"
"87","OFBRA-3576","OldestCreated","133"
"97","OFBRA-3652","OldestCreated","138"
"85","OFBRA-3732","OldestCreated","132"
"95","OFBRA-3755","OldestCreated","137"
"83","OFBRA-3761","OldestCreated","131"
"55","OFBRA-3766","OldestCreated","101"
"68","OFBRA-3778","OldestCreated","122"
"93","OFBRA-3780","OldestCreated","136"
"80","OFBRA-3791","OldestCreated","130"
"35","OFBRA-3812","OldestCreated","62"
"54","OFBRA-3821","OldestCreated","100"
"48","OFBRA-3825","OldestCreated","90"
"41","OFBRA-3869","OldestCreated","73"
"47","OFBRA-3870","OldestCreated","88"
"63","OFBRA-3888","OldestCreated","116"
"64","OFBRA-3893","OldestCreated","118"
"66","OFBRA-3894","OldestCreated","120"
"61","OFBRA-3898","OldestCreated","114"
"53","OFBRA-3899","OldestCreated","99"
"79","OFBRA-3911","OldestCreated","129"
"59","OFBRA-3912","OldestCreated","112"
"58","OFBRA-3913","OldestCreated","110"
"57","OFBRA-3916","OldestCreated","108"
"46","OFBRA-3922","OldestCreated","86"
"78","OFBRA-3929","OldestCreated","128"
"91","OFBRA-3934","OldestCreated","135"
"45","OFBRA-3935","OldestCreated","84"
"56","OFBRA-3940","OldestCreated","106"
"39","OFBRA-3956","OldestCreated","71"
"34","OFBRA-3961","OldestCreated","60"
"52","OFBRA-3994","OldestCreated","98"
"76","OFBRA-4004","OldestCreated","127"
"44","OFBRA-4016","OldestCreated","82"
"42","OFBRA-4022","OldestCreated","77"
"51","OFBRA-4026","OldestCreated","96"
"50","OFBRA-4048","OldestCreated","94"
"75","OFBRA-4069","OldestCreated","126"
"49","OFBRA-4071","OldestCreated","92"
"38","OFBRA-4072","OldestCreated","69"
"37","OFBRA-4073","OldestCreated","67"
"43","OFBRA-4077","OldestCreated","81"
"40","OFBRA-4079","OldestCreated","72"
"74","OFBRA-4091","OldestCreated","125"
"36","OFBRA-4095","OldestCreated","65"
"4","OFBRA-4099","OldestCreated","19"
"4","OFBRA-4099","OldestCreated","107"
"4","OFBRA-4099","OldestCreated","143"
"12","OFBRA-4100","OldestCreated","27"
"12","OFBRA-4100","OldestCreated","117"
"12","OFBRA-4100","OldestCreated","148"
"8","OFBRA-4101","OldestCreated","26"
"10","OFBRA-4102","OldestCreated","23"
"10","OFBRA-4102","OldestCreated","105"
"10","OFBRA-4102","OldestCreated","142"
"11","OFBRA-4103","OldestCreated","29"
"11","OFBRA-4103","OldestCreated","115"
"11","OFBRA-4103","OldestCreated","147"
"17","OFBRA-4105","OldestCreated","20"
"17","OFBRA-4105","OldestCreated","113"
"17","OFBRA-4105","OldestCreated","146"
"16","OFBRA-4106","OldestCreated","25"
"16","OFBRA-4106","OldestCreated","119"
"16","OFBRA-4106","OldestCreated","149"
"7","OFBRA-4107","OldestCreated","18"
"7","OFBRA-4107","OldestCreated","104"
"7","OFBRA-4107","OldestCreated","141"
"15","OFBRA-4108","OldestCreated","28"
"15","OFBRA-4108","OldestCreated","121"
"15","OFBRA-4108","OldestCreated","150"
"14","OFBRA-4109","OldestCreated","30"
"3","OFBRA-4110","OldestCreated","24"
"3","OFBRA-4110","OldestCreated","111"
"3","OFBRA-4110","OldestCreated","145"
"6","OFBRA-4111","OldestCreated","21"
"6","OFBRA-4111","OldestCreated","109"
"6","OFBRA-4111","OldestCreated","144"
"9","OFBRA-4112","OldestCreated","31"
"9","OFBRA-4112","OldestCreated","103"
"9","OFBRA-4112","OldestCreated","140"
"2","OFBRA-4113","OldestCreated","5"
"2","OFBRA-4113","OldestCreated","22"
"2","OFBRA-4113","OldestCreated","102"
"2","OFBRA-4113","OldestCreated","139"
"13","OFBRA-4114","OldestCreated","32"
"13","OFBRA-4114","OldestCreated","124"
"13","OFBRA-4114","OldestCreated","151"
